someemail@email.com,0e39b7e8eb331836dc05,false
someemail@email.com,caa21a57067f6989672d,false
someemail@email.com,f107bb83565ad59b829b,false
someemail@email.com,80e795310936a77bbe98,false
someemail@email.com,97249329444c657e3280,false
someemail@email.com,73936076fa26bb328dc1,false
someemail@email.com,ee8e76e4d0a776c54dab,false
someemail@email.com,9b861c123179c1bec254,false
someemail@email.com,201175f19fa60b6c4a26,false
someemail@email.com,472a5e4c982dd9d7860d,false
someemail@email.com,e14611954263ca7e82ec,false
someemail@email.com,39c68822fdd9842d1336,false
